Gene,AUROC,Spearman,MSE,MAE
A2M,0.5876462339566286,0.18320744807434516,1.3106101287735834,0.9322
ABCC3,0.8515348641458597,0.6511978153693866,0.4907081011268828,0.533175
ABHD11,0.8470968417249891,0.645426841305299,0.46912293632825214,0.5211572
ABHD17C,0.8596423509208155,0.6656535345399204,0.5725455201334424,0.5861738
ABI3BP,0.6003308402290909,0.15712386295305525,0.1920413134826554,0.28779694
ABRACL,0.8472709489453083,0.6466546039013755,0.8450389570660062,0.7314924
ACP5,0.6849153104579235,0.32987119216802246,0.7990367031759686,0.63696086
ACSL5,0.8603154251799453,0.6823008962156749,0.697811441289054,0.6562827
ACSS2,0.8074361170432512,0.5685910288608959,0.44068070749441784,0.53029025
ACTA2,0.6510892935756958,0.3110467835734202,1.303469479084015,0.9356114
ACTB,0.785410990909357,0.5565774193039464,1.7529252502653334,1.0822114
ACTG2,0.6580144448185627,0.3187193612208487,1.3480173018243577,0.8936099
ACTN1,0.7354170079827392,0.4585778709048865,0.9627250300513374,0.80560756
ADAM12,0.6024288083502347,0.1758332415268093,0.5219286137984859,0.5120094
ADAM33,0.6849830670833428,0.3327837025663652,0.2616679155164295,0.36715752
ADAMDEC1,0.6957686595191098,0.3344174381855861,0.4467952251434326,0.46976572
ADAMTS1,0.5847750636459267,0.15917616382746227,0.69098143113984,0.64957166
ADAMTS2,0.6185988494371997,0.23084807469517296,0.6088426411151886,0.6234049
ADGRG1,0.8494390922634039,0.6595909434526491,0.8467931581868066,0.7274807
ADIRF,0.6353392198911814,0.2590105841897523,1.2476986249287922,0.8144454
ADM,0.6825162176972487,0.32631159090833883,0.6320862703853183,0.5778621
AEBP1,0.6163901011913074,0.2374303683326596,1.5143482287724812,1.0107757
AGMAT,0.8272808432313743,0.5404870031841562,0.34255845182471806,0.39316553
AGPAT2,0.7999999968956208,0.5676894028729706,0.7430058850182427,0.6718614
AGR2,0.8612620212701931,0.6832316562455703,2.0174034039179483,1.0682403
AGR3,0.8317080555994004,0.5908162613642554,0.6601635598474078,0.55023825
AGT,0.48816834157786715,-0.03997855789564621,0.3517199837499195,0.40291604
AHCY,0.8345397994742847,0.631949031798574,0.6260559492641025,0.6301475
AHCYL2,0.7903498598555824,0.5405909969758281,0.47039754026465946,0.52205217
AHNAK,0.7082555996480158,0.41330624681021116,0.8648738927311368,0.76268655
AHNAK2,0.6502100295108072,0.2773746728534252,0.45718252741628224,0.51838213
AKAP1,0.8499913506600077,0.6541736743629323,0.601819309923384,0.6266866
AKAP12,0.6542810931643452,0.2930115650246576,0.5998212463325925,0.6321647
ALDH1A1,0.5728990940810317,0.1501676503175865,0.7949582238992056,0.7044226
ALDH1B1,0.7223019568717529,0.4274222375399949,0.9968108402358161,0.8179584
AMN,0.841634021901837,0.6064378891602009,0.38924915591875714,0.46515232
ANGPTL2,0.577144273178098,0.15552620920181492,0.6220837086439133,0.6305102
ANKRD22,0.8161082678487643,0.5548925072693822,0.452199540204472,0.4794458
ANKS4B,0.816461850700463,0.5221582092356701,0.2938735642366939,0.38606527
ANO9,0.8493152514390161,0.6461408850899377,0.5197175045808157,0.56314266
ANP32B,0.815056227824468,0.5771548311304503,0.7397717303699918,0.65395755
ANTXR1,0.6059388085411892,0.21169265435838946,1.0396577417850494,0.8191897
ANXA13,0.7771542470063486,0.4068070520953364,0.2046351416243447,0.2890345
ANXA2,0.8369585794957086,0.6454887874224171,1.4046126471625433,0.9695756
ANXA3,0.8241221071372683,0.6044208106269511,0.6043461958567301,0.59994423
ANXA4,0.8621648096070127,0.6755809406323281,0.976292159822252,0.79974616
ANXA6,0.6460608658927388,0.28898500114268433,0.785950995153851,0.72953457
AOC1,0.7945631428970654,0.5011269584274172,0.6021015412277646,0.58044106
AP1M2,0.8308086490264637,0.5066263467605078,0.24770300711194673,0.3182563
AP1S1,0.8455077454931696,0.6392287192352692,0.7246851887967851,0.65664124
APOBR,0.7093663003191786,0.3845642408336039,0.49350574281480575,0.55849266
APOD,0.5303743180775412,0.050172095223660756,0.8304751465717951,0.688679
APOE,0.6610396827642122,0.321091079779545,2.4054515891604953,1.208269
AQP1,0.5868855485586817,0.16895551303216377,0.7329712476995256,0.69290113
AREG,0.7215756309129637,0.409963921580523,0.5785551518201828,0.5495017
ARHGAP8,0.8573971078869287,0.6433527016930153,0.3893590089347627,0.4590399
ARHGEF16,0.8559842603496182,0.63887164124773,0.3874575247367223,0.44829783
ARHGEF25,0.653726434649221,0.2720003811944062,0.31763018833266365,0.42640224
ARHGEF38,0.8300139556412709,0.5686285021426492,0.3401828035712242,0.41927293
ARSE,0.8422704360362083,0.5742215544192706,0.3831568095419142,0.4439721
ASCL2,0.7691623941468734,0.4709125651826891,0.8605495029025607,0.69166374
ASF1B,0.8262978963826791,0.5707468438686778,0.5442892528242536,0.5271033
ASPN,0.5784145612592498,0.14106139286919067,0.8100309719642004,0.6762973
ASS1,0.8489056000644606,0.6483872746686566,1.4801334540049236,0.9222618
ATF3,0.6666489805870428,0.3107118800663316,0.6516054703129662,0.6315741
ATIC,0.8402830791728806,0.6339466865149583,0.7094245056311289,0.6572466
ATP10B,0.8163527871893748,0.5491882259845353,0.5408214380343755,0.527579
ATP1A1,0.8582681634854674,0.6609261764346406,0.9764489067925347,0.77103376
ATP1B1,0.8759761799075719,0.6832809398803512,1.683090415265825,1.0355898
ATP2C2,0.8657780500987122,0.663114583070867,0.5499839203225242,0.5608003
ATP5F1B,0.8341289505961557,0.6335861731362988,1.0656774044036865,0.8182316
ATP5MC3,0.8207274652251882,0.5904371458023098,0.7286192294624116,0.6594749
ATP8B1,0.8405719434739519,0.6521252049780097,0.66183117363188,0.6427402
AURKB,0.8196430317522777,0.5374611600980379,0.39469050119320553,0.4374554
AZGP1,0.7906654550079644,0.49942744726204336,0.79665892985132,0.6305771
B2M,0.7577575846357426,0.506346328221811,2.4751896725760565,1.3005604
B3GALT5,0.7441240657270096,0.39095199397869124,0.41131216784318286,0.427837
B3GNT3,0.8601293353753239,0.6461376043850121,0.6925167126788033,0.6091543
BAG2,0.6533102013867207,0.2899649856146944,0.6484709978103638,0.6274737
BAIAP2L1,0.8660742557325067,0.6865726434744616,0.6143807239002652,0.6070653
BAIAP2L2,0.8415616495936737,0.6023008531110084,0.5332290563318465,0.5163844
BCL10,0.8371314252687367,0.6314112227755176,0.6200703779856364,0.6237396
BCL11A,0.758346767377835,0.4693834924210637,0.5553114944034152,0.56332636
BDH1,0.8382044187074332,0.6055705186252515,0.3783505956331889,0.4710803
BGN,0.6366640888933917,0.27298530570391133,2.085288279586368,1.1972319
BHLHE40,0.7761794453692316,0.5246877068782927,0.9477186600367228,0.796179
BICDL2,0.823372179558707,0.5754959076677507,0.3433926883671019,0.4392548
BMP4,0.794111288849683,0.5426938761191602,0.5594866193003125,0.5489645
BOC,0.6672801931468868,0.30549091218247504,0.38192041052712333,0.47848192
BRI3BP,0.8381858798653888,0.6309915102749363,0.6176941626601749,0.59052765
BSPRY,0.8359648040212577,0.5794953816816041,0.5441223788592551,0.5035813
BTG2,0.6615776538969249,0.3260353454226459,0.7042201558748881,0.67398643
BUB1,0.8072325707929086,0.5006895114617085,0.415804216845168,0.40938815
BZW2,0.8305464272475432,0.6210626216950014,0.5845107171270583,0.59272414
C11orf96,0.6136256014574177,0.21925667325452045,0.853619290722741,0.7361679
C12orf75,0.8388678381053583,0.6257244780504645,0.9912127587530348,0.79105115
C15orf48,0.7039281043294412,0.3526944764432448,1.0543410546249814,0.7615373
C19orf33,0.8547466980099523,0.6608380257525635,0.9911003841294183,0.7585258
C19orf48,0.827626887581349,0.5946395266927197,0.49767328467633987,0.53044456
C1QA,0.6052598563279838,0.1945405886937891,1.6840221020910475,1.0099725
C1QB,0.604459221174421,0.19794976018317284,1.683129800690545,0.994424
C1QBP,0.8363639675380496,0.6032995937679632,0.7164307832717896,0.63762736
C1QC,0.6146493237465874,0.21999992060374918,1.8004347946908739,1.0431159
C1R,0.6091386406263314,0.2300425967867939,1.1796376837624445,0.89299077
C1S,0.6110324751736598,0.23123661524319278,1.188820030954149,0.8970157
C3,0.637557440957917,0.2698166138460448,1.6833180718951755,1.0407846
C3orf52,0.8350707726228492,0.5841586407850599,0.4166436956988441,0.47179496
C6orf132,0.8350708946840496,0.5932629749089782,0.33129871388276416,0.41629744
C7,0.665612474450772,0.2619032775984433,0.30853860080242157,0.34860635
CA12,0.7957118875452639,0.5342841305647409,0.8475035693910387,0.69688576
CA2,0.7150632324417756,0.36975361542568436,1.066813674237993,0.7074115
CA9,0.79498003827678,0.44926646245643975,0.866960364083449,0.5663952
CACNA1H,0.581830472243448,0.14978613163927432,0.570405994852384,0.5771656
CALB2,0.5844725402566051,0.1217348048105472,0.2817388955089781,0.26384977
CALD1,0.6372326396992976,0.27834454003588704,1.3322118719418843,0.94898826
CALML4,0.8334382201030125,0.6193915533830815,0.5279586083359189,0.53955793
CAMK2N1,0.8554451382782271,0.6638722798999045,0.9010715418391757,0.7628772
CANT1,0.8580986437612533,0.6664605932391057,0.6462709075874753,0.640924
CAPG,0.7888033741025995,0.5537263162319571,0.9392645392152998,0.7727792
CAPN5,0.8105923725232635,0.5886604978867543,0.5962113903628455,0.5750233
CAPN8,0.8209114152359065,0.5526912198480756,0.3080907099776798,0.3917333
CAV1,0.6150725898416893,0.2236780922002829,0.5472594466474321,0.6025944
CAVIN1,0.5919300898186828,0.18762369671312362,0.6429259644614326,0.6568142
CBLC,0.831378467702107,0.5529153761867458,0.240934818983078,0.349361
CCDC80,0.6253258062976212,0.24326357184256142,0.8003842367066277,0.7172431
CCL15,0.8166047644088007,0.5273128301161615,0.48126864516072804,0.46914503
CCL18,0.5934754948526566,0.16362231070382482,0.3886912829346127,0.36754102
CCL19,0.5656756897711553,0.08125336127865598,0.21132101656662095,0.22662038
CCL20,0.747322553882102,0.38533547697393566,0.5696807172563341,0.4827023
CCL21,0.5677668878604658,0.1062993112923875,0.3346923540035884,0.33474335
CCL28,0.7541799362309997,0.4204246706261693,0.30851949999729794,0.379745
CCN1,0.5870223380946276,0.18384361536655625,1.6905800104141235,1.0699759
CCN2,0.5746212960017087,0.16143649300222096,1.3504377669758267,0.93522143
CCNA2,0.8095285132774238,0.5293723614165912,0.4465016822020213,0.43928248
CCNB1,0.829055724063684,0.5846574601075485,0.7087686094972823,0.58066195
CCND1,0.8325319026915712,0.6282795065709585,0.9422296947903104,0.7890489
CCND2,0.7811008438472355,0.5352437318048162,1.0596789121627808,0.82109606
CCT2,0.8191519463250018,0.5773015992440063,0.5746685299608443,0.57209146
CCT6A,0.8516771844489835,0.6535149977819334,0.9655211899015639,0.7780833
CD163,0.5783952979052449,0.15007659729463713,0.8498750329017639,0.7165609
CD24,0.8897568440346303,0.7159433679185169,1.1401410632663302,0.8392172
CD248,0.5337868271519182,0.06381409523648775,0.5289098140266206,0.55548084
CD2AP,0.8741662904017696,0.6973912513184934,0.7666605114936829,0.70078665
CD44,0.8398738513235351,0.643285826899258,1.8180436094601948,1.1012425
CD68,0.7075146618376346,0.4016479290960207,1.2280645701620314,0.8908404
CD74,0.7053462749529436,0.40741410826009766,2.7928602033191257,1.3550495
CD79A,0.6422150257583314,0.19505940190928778,0.2324731064339479,0.27086315
CD9,0.8662545419367965,0.6938438254341155,1.062833587328593,0.82424426
CDC20,0.8224549717149974,0.5201793458024073,0.4283310290839937,0.41242132
CDC42EP5,0.8110901699110706,0.5723689549676019,0.5561982923083835,0.59627664
CDC6,0.8075144767709421,0.48956683482096136,0.3041403748922878,0.35675424
CDCA7,0.8194316566308584,0.5261953362297204,0.29872879799869323,0.3749767
CDCP1,0.8244034965244036,0.5843147145047036,0.5195391823848089,0.5139396
CDH1,0.8625495792661445,0.6661948316007011,0.7809708780712552,0.6740476
CDH11,0.5983438840852334,0.19084893459349345,1.00902877913581,0.8165086
CDH17,0.8473548523524597,0.6277877541684962,0.9835962156454722,0.7438364
CDH3,0.8308039306263268,0.5575138974307694,0.39293020135826534,0.45306084
CDHR5,0.7651678013286963,0.4361095324809069,0.6414967700839043,0.53745914
CDK1,0.8355902827423602,0.573818262137491,0.57117441131009,0.51942515
CDKN2B,0.6199694088488326,0.2047817460069132,0.30824906130631763,0.40754598
CDKN3,0.8018154928776712,0.48002094325529576,0.26758234409822357,0.3239157
CDT1,0.8198283764272607,0.5264543836450869,0.38579956856038833,0.42278174
CDX1,0.8162260198134272,0.5365060064879908,0.5698689040210512,0.57060117
CDX2,0.8444239047658004,0.6057056869194513,0.6571537719832526,0.6238067
CEACAM1,0.7579871553764305,0.4452378282324186,0.6956018192900552,0.5381642
CEACAM5,0.8374046585596995,0.6310629379945861,2.4724423620435925,1.2362399
CEACAM6,0.8235953840207832,0.626154470064559,2.5010853343539767,1.2096848
CEACAM7,0.6766005979858084,0.23980793023370264,0.3971655203236474,0.35108688
CEBPB,0.7057205100137002,0.3992629834391402,0.9293210738235049,0.7913424
CEBPD,0.6424756570001339,0.29572612329586356,0.7476821939150492,0.69978917
CEMIP,0.7688108793470393,0.464088455153127,0.627087210615476,0.5823616
CENPE,0.7933529626598124,0.45901616551436636,0.29962621215316987,0.34040898
CENPM,0.8170782390827639,0.550935088627951,0.4938039266400867,0.49516705
CENPU,0.8171035934750862,0.517514632362243,0.3983217084573375,0.40289673
CERCAM,0.6145008851181256,0.22721176147683028,0.6651046309206221,0.6629963
CERS6,0.8377005433766183,0.6315420547942517,0.4813123560614056,0.5440539
CFB,0.7829432354152884,0.519814032546656,0.8533338374561734,0.7305571
CFTR,0.7933708608946568,0.4882200239675654,0.8243751409980986,0.6352164
CGN,0.854503365554399,0.6469854800899223,0.44883043236202663,0.48993695
CHDH,0.8397856827440034,0.5954337016149716,0.33047641565402347,0.41202
CHEK1,0.815316156234832,0.5284894475035612,0.36206768867042327,0.42128453
CHI3L1,0.569304459396633,0.12414115974812351,0.8189071714878082,0.60090184
CHMP4C,0.8526853316784302,0.6253173402682736,0.38580843226777184,0.44329727
CHPF,0.7875822921420538,0.5637980462989982,0.7696547905604044,0.7177248
CHRDL2,0.6987581287274767,0.3156870183762863,0.29026465283499825,0.32718796
CKB,0.6750916674250573,0.3473374691903331,2.272963649696774,1.1482629
CKS2,0.8164812468587416,0.5096993595154315,0.49994514965348774,0.4394237
CLDN1,0.8347046047492626,0.5746382999273923,0.5626711861954795,0.52912277
CLDN2,0.8060287132715711,0.4929157618377366,0.6621431046062045,0.54383856
CLDN3,0.865765433657957,0.6674350122589604,0.7757645150025686,0.6740237
CLDN4,0.8797429198411648,0.7013289109334617,1.009731392065684,0.7929084
CLDN5,0.5577628865020944,0.1035442633131519,0.27218222949239945,0.37771982
CLDN7,0.8881655132901778,0.7086867860280162,0.9176469677024417,0.7466269
CLIC4,0.6512214468987221,0.3008301389644275,1.02723694841067,0.8376301
CLIC5,0.7787716416549654,0.5126138355097565,0.6338437580400043,0.5665598
CLRN3,0.8377879252602151,0.5844137238826244,0.3732451945543289,0.43215993
CLU,0.6070525443519545,0.19692005560390424,0.8751985364490085,0.72784823
CMBL,0.7908747586361071,0.5463953161868438,0.7297232846419016,0.6394273
CNN1,0.6731701482987853,0.35773492630733084,0.9448809756173028,0.75179183
CNN3,0.735445506435998,0.4626258062717695,1.0811948312653437,0.8624111
COL10A1,0.608411128626802,0.1716795213838772,0.6002126129137145,0.53935695
COL11A1,0.6394118088830245,0.23503390594264648,1.0435713065995111,0.7668299
COL12A1,0.5933322168604142,0.17985441926136658,1.0838763548268213,0.8289453
COL14A1,0.5958511780800356,0.18311770500480293,0.8076530761188931,0.7132536
COL15A1,0.5965076789869893,0.18305384791065107,0.7864559094111124,0.70770174
COL16A1,0.5907830892964568,0.17556870540756983,0.6931357880433401,0.67297435
COL17A1,0.7716695681178939,0.46836644832468,0.49850104914771187,0.4984771
COL18A1,0.6261028316839055,0.2493959217854844,0.8450349834230211,0.7484467
COL1A1,0.6354890672848829,0.2753169943642027,2.8115855852762857,1.363855
COL1A2,0.627540773622065,0.2615016670904299,2.5150707165400186,1.2933196
COL3A1,0.63629650142028,0.27567900423492003,2.1332506471210055,1.1763182
COL4A1,0.606792962338477,0.21921466246871915,1.24212161037657,0.89694405
COL4A2,0.6135976752479331,0.23127932211431756,0.9889483650525411,0.80176884
COL5A1,0.633470397396311,0.26405329612534667,1.4183396167225308,0.9593247
COL5A2,0.6427329011616367,0.28056280922979177,1.308232241206699,0.9250863
COL6A1,0.6348241515185923,0.2794462525523271,1.2295677993032668,0.89829797
COL6A2,0.6305899844810705,0.2721303792170401,1.3852172758844163,0.9590469
COL6A3,0.6359754561064115,0.2789083763274483,1.7461860842174954,1.0810924
COL8A1,0.5897035002785513,0.1730172567956482,0.8329134517245822,0.7262327
COMP,0.6106028966274056,0.219256101400761,1.541458550426695,0.91074765
CORO2A,0.8177816271103103,0.560731031379772,0.4173474609851837,0.4406324
COX6A1,0.8489734763576301,0.6578099361961542,0.8449725409348806,0.7324259
CPE,0.5317792690899441,0.0647917405946889,0.6635686920748817,0.65976846
CRABP1,0.5257014266793951,0.02175303103354793,0.0377533964605795,0.061675105
CRACR2B,0.8555922355390553,0.6439056342139824,0.46476345095369553,0.5178969
CRB3,0.8457957180615557,0.6127158462218447,0.32021351986461216,0.41346148
CREB3L1,0.7472436791808126,0.4608971522811625,0.851628432671229,0.70258796
CRIP1,0.780145591850531,0.5470197394508363,1.6562552915679083,1.0364327
CRISPLD2,0.6219745855538789,0.2449163240605668,0.6785841286182404,0.6759517
CRYAB,0.6673133614154954,0.3176555695483432,0.6960343023141226,0.65311635
CRYBG1,0.8497572456358553,0.6589806831258641,0.565847741232978,0.6086377
CSE1L,0.8115112641031434,0.5730627359029961,0.41752567887306213,0.48116696
CSRP1,0.660299501996046,0.3331199339001183,1.4016290770636664,0.9840964
CSTB,0.8105762177544258,0.5895161979718206,1.017644140455458,0.7863672
CTHRC1,0.651261947601991,0.28694691016192103,1.6174024807082281,1.0403908
CTSB,0.7560994405010283,0.5038172697292925,2.0641739037301807,1.1732112
CTSD,0.7749265090597314,0.516733205911122,1.312303923898273,0.9176638
CTSE,0.7359767470815258,0.3891618335265465,0.670269615120358,0.5005131
CTSH,0.7696252087903335,0.5014556822649849,1.035684390200509,0.80815095
CTSK,0.6019995617693129,0.19395694979138567,0.8252068989806705,0.73677063
CTSS,0.7829202894673704,0.5336959926617701,1.312176247437795,0.91516113
CXCL1,0.7427605476263487,0.4014880895285369,0.5740533578726981,0.4791264
CXCL10,0.6674810422989528,0.26820402947655997,2.309690838886632,0.90792125
CXCL12,0.6554967575284444,0.28660511464342053,0.7165099879105886,0.63895404
CXCL13,0.658247069162535,0.21597336458753041,0.312773863474528,0.29755792
CXCL14,0.5997150235311874,0.17084197031390622,1.0728571448061202,0.801299
CXCL2,0.7022919971351835,0.3558607635138212,0.6665234623683823,0.56453633
CXCL3,0.7854004111629811,0.47089591025197514,0.8445439380076196,0.59735215
CXCL8,0.6981594129936447,0.33630163962719134,1.2277598828077316,0.7531861
CXCL9,0.6603003142958092,0.24711499345881066,1.5396615838011105,0.7301038
CXCR4,0.6841620814177565,0.34512751046925855,0.8061584366692437,0.73164254
CYC1,0.84914167522231,0.656966675363128,0.9175214568773905,0.7590068
CYP2S1,0.8116868784341101,0.5082599476584198,0.3587775453925133,0.41243497
CYP3A5,0.8370819453552083,0.6041352126212114,0.4195857114262051,0.47439045
CYP51A1,0.8167904682366107,0.5753632073892989,0.6059835420714484,0.5574026
CYSTM1,0.8382229313698152,0.622346311804743,0.9324520826339722,0.7695567
DBI,0.8287982492771054,0.6324893025848295,0.6288710799482133,0.6281779
DCN,0.6156825669570899,0.23031787023616024,1.472064693768819,0.98986995
DCTPP1,0.8355873498009618,0.6290559019161607,0.5714072601662742,0.58071136
DDAH1,0.8413434196650612,0.6398088778701622,0.6531225840250651,0.64674497
DDIT4,0.7641774591860723,0.5117186460467374,1.0666904052098591,0.8225441
DDR1,0.8533304876506635,0.6608103189855098,0.7244256767961714,0.6668357
DDX21,0.831614319769169,0.617045621610098,0.6922891868485345,0.65941197
DEGS2,0.827888760302515,0.5627186146207729,0.47076136949989533,0.46619913
DEPP1,0.5558960060698054,0.11697733349621939,0.6440353559123145,0.64951026
DERL3,0.6345522359606834,0.18834757961281867,0.21429189667105675,0.28149065
DES,0.6634428457437734,0.3186257839467243,1.976246953010559,1.0812715
DGAT1,0.8362199794351751,0.6304349125331705,0.512764670782619,0.57213855
DHCR24,0.8275472130991545,0.6044847745093919,0.7008576492468516,0.6185793
DKC1,0.8437050268667018,0.6283715119633091,0.6287761893537309,0.6204917
DKK3,0.6187951261439335,0.22388506805838768,0.7404923538366953,0.69444305
DLG3,0.8292011088062226,0.6069530657052167,0.44157050881120896,0.4979372
DLGAP5,0.812179200410151,0.4990861301968542,0.3522039130330086,0.37294745
DMKN,0.7953705232963215,0.5044598172722599,0.3886850244469113,0.43271112
DNM2,0.8599818086160037,0.6756545235539159,0.7716279824574789,0.7177526
DPEP1,0.6926210929924744,0.3154325467854064,0.5998109893666373,0.57000405
DPYSL3,0.6340785171802945,0.26064115101752994,0.7477532128492991,0.7120144
DSC2,0.8194615301597595,0.5972315303535409,0.5699667516681883,0.568205
DSG2,0.8777945416298848,0.7068314382601569,0.794852958785163,0.6871577
DSP,0.8927267011176914,0.729540940867521,0.9137684106826782,0.7524777
DSTN,0.7580031071893322,0.5057365203019751,1.2323812974823847,0.9083929
DUSP1,0.5955783980030833,0.20032916808280624,1.2212566335995991,0.9105924
EBNA1BP2,0.8325916186197475,0.6195554564025236,0.6271781159771813,0.62364113
EBP,0.8271584733194178,0.6097320442204162,0.5710483176840676,0.58378184
ECT2,0.8358833229893451,0.6080224311891267,0.7266174935632281,0.6131951
EFEMP1,0.59320738323102,0.17743247211196747,0.7537488606241014,0.6854853
EFNA1,0.8232966094538381,0.6021221307236483,0.6589358217186398,0.6273005
EFNB1,0.8297432977177647,0.6112070687715263,0.47526288363668656,0.5496701
EFNB2,0.8286529509763925,0.6033013610712818,0.616646945476532,0.6260945
EGLN3,0.7486735407480434,0.44879567056013353,0.5433012131187651,0.53690505
EGR1,0.6265189400101481,0.2561765944817524,1.5551600654919941,1.0188717
EHD2,0.6100688630917447,0.2266124581828771,0.6547694868511624,0.6626867
EHF,0.8738204443911666,0.7000619982862317,0.7708844542503357,0.67620623
EIF4EBP1,0.8153284329892687,0.5762404831728812,0.6433613316880332,0.6124311
ELF3,0.8922627127966032,0.7141692523515525,0.909118609295951,0.75265515
ELMO3,0.8443076609281124,0.616624602985491,0.33653029468324447,0.4310398
ELN,0.6003672502612184,0.1900595401719417,0.6707390381230248,0.6498
EMILIN1,0.6100255272597704,0.22138566275687954,0.7876680029763116,0.7272945
EMP1,0.6400628030452199,0.28418363602413776,0.8674268457624648,0.7608563
ENAH,0.6936263840327839,0.38710788292491394,0.7026084595256381,0.68805254
ENC1,0.8150346658109571,0.5969872364434748,1.0469136767917209,0.81409186
ENO1,0.855754684847258,0.6649941847190821,1.124518096446991,0.85376555
ENTPD6,0.8534576112834746,0.6633724603545277,0.5742038091023763,0.6088525
EPAS1,0.6826946723229824,0.35492457658184834,0.8461054960886637,0.7531361
EPB41L4B,0.846041420199554,0.6353443591022715,0.6240951153967116,0.59403926
EPCAM,0.8872122112563143,0.7252610920163599,1.6725050939453974,1.019126
EPHA2,0.799866966288905,0.5555402071096432,0.45774949259228176,0.5063546
EPHB2,0.8169263506497383,0.5790576569667482,0.4580698112646739,0.51656663
EPHB3,0.8332189029499952,0.619879800239153,0.8783035129308701,0.71390694
EPPK1,0.8261587116248279,0.6031924448070938,0.6586637331379784,0.63344777
EPS8L2,0.845790560852016,0.6597974992381261,0.5676816403865814,0.5974958
EPS8L3,0.8714809972212871,0.672828433892814,0.4720142251915402,0.5180101
EPSTI1,0.8083525920095638,0.5851576216328692,0.953838802046246,0.7618563
ERBB2,0.8300136579646091,0.6300691339516125,0.5209438966380225,0.5716903
ERBB3,0.8619259833711052,0.6713637313475692,0.6697032418515947,0.6269784
ERN2,0.8575724231706627,0.645162623891363,0.49315805898772347,0.52679867
ERO1A,0.8397493987131875,0.6298294423208154,0.9059075050883822,0.75936675
ERRFI1,0.7418112051678725,0.4594640081084356,0.7488782670762804,0.69615626
ESRP1,0.8808261921146746,0.700059927261406,0.5399346782101525,0.5519234
ESRP2,0.8604139075947437,0.634688522067918,0.3837214476532406,0.46352017
ETHE1,0.8347743812478077,0.6057438719284716,0.6275891131824918,0.6181944
ETS2,0.8416121378878872,0.638816273169751,0.7735860678884718,0.7105463
ETV4,0.8303276692600484,0.5722880429161639,0.6974167194631364,0.5996167
EVPL,0.834287563834357,0.6004907396841754,0.5306520925627815,0.5510761
EXPH5,0.8386194756828742,0.5755899589699787,0.3347879706157578,0.40261632
EZR,0.8643805074518925,0.6823976234345542,1.0128444963031344,0.80470103
F11R,0.8509456627457038,0.6495791856634981,0.5127855307526059,0.5642132
F13A1,0.6341942536141623,0.23856740453470948,0.41138680941528744,0.45063877
F2RL1,0.8400803454709769,0.6102883078314807,0.43061976465913987,0.4842418
F3,0.7739996637563354,0.516891320368184,0.8587387866444058,0.7193439
FABP1,0.7047494636108005,0.34241622075126465,1.868781778547499,1.022047
FAM136A,0.8302152633276882,0.6080870928210336,0.6366885718372133,0.5964434
FAM3B,0.7535167104200023,0.3789447162188423,0.6943718128734164,0.55918264
FAM3D,0.7863387235805762,0.47794798529209614,0.4723474548922645,0.51932365
FAM83E,0.798059839157392,0.5021174580602448,0.2625073484248585,0.37755486
FAM83H,0.868595941214333,0.6756270676738413,0.5458399653434753,0.5589589
FANCA,0.823195837124283,0.536542554692702,0.3779776088065571,0.42374852
FANCI,0.8264892733783014,0.567632246309487,0.46642858783404034,0.48316038
FAP,0.6100837558719125,0.20967870554241064,0.5352140383587943,0.55446845
FASN,0.8170429090365512,0.5962685710751935,0.6102437674999237,0.6302754
FBL,0.8287218357361897,0.6174400873363969,0.6134259667661455,0.6281469
FBLN1,0.6308367908055472,0.2446324720496521,0.8090251783529917,0.7316633
FBLN2,0.575404688991655,0.13700565916988014,0.6980034642749362,0.66292095
FBLN5,0.5957893960130191,0.17721169839507686,0.41528693834940594,0.503578
FBN1,0.6005626793950759,0.19761630613929124,0.9273077978028191,0.78886247
FBP1,0.7920853162619134,0.5384171346276244,0.6350281768374972,0.58244324
FBXO32,0.6129161418396323,0.2263172974236301,0.7879804107877943,0.7259907
FCER1G,0.6524012431745878,0.2865916918859919,1.1939273195134268,0.8409589
FCGBP,0.7156092910709667,0.3885086510493755,2.706602089934879,1.2550836
FDFT1,0.8313329412672827,0.6113894574463523,0.6636696954568228,0.6152
FERMT1,0.8702630882745684,0.6788774061768164,0.7414827032221688,0.6397594
FGF7,0.6335232111026426,0.24619156817556975,0.54348181353675,0.55930763
FGFR1,0.5618497417013842,0.1271551744746101,0.51916128065851,0.59927386
FILIP1L,0.5734882714203317,0.14842642925505278,0.6659692923227946,0.66190845
FKBP10,0.7552289567990118,0.4810909882568714,0.9541389346122742,0.79795605
FLNA,0.6318154090809871,0.2658228474770564,1.2037960754500494,0.903965
FLNB,0.8325181845583217,0.6204829768565865,0.7631585266855028,0.70931405
FMOD,0.6487378592411075,0.28194217278654077,0.7397823399967618,0.6873235
FN1,0.6572578092712013,0.3204390772896554,2.5611207485198975,1.29308
FNDC1,0.608579239528235,0.20030229497526494,0.5397695567872789,0.5546574
FOS,0.598228034469514,0.19594351481014924,1.7733381655481126,1.0964961
FOSB,0.5147012417128969,0.028022911566656896,0.6248223864369922,0.6056713
FOXM1,0.8200070096545894,0.5373139470116266,0.44680686046679813,0.4442662
FOXQ1,0.786527983205817,0.5116091151944265,0.8421517395310931,0.6379373
FRK,0.8295163701595916,0.589445960577383,0.4863133231798808,0.49700785
FSTL1,0.5811434667315599,0.17058594788309797,1.2317063079939947,0.9123654
FTH1,0.7878018901843057,0.5638503956044665,1.3296571572621663,0.93040055
FTL,0.7749787020172265,0.5316150286899123,2.2676964004834494,1.2114718
FUT3,0.8310720690248883,0.5830508977048178,0.6095283776521683,0.5676565
FUT6,0.8207696802392975,0.538442404268134,0.35896385378307766,0.41661704
FXYD3,0.8639635538958793,0.6679257722561134,1.5631824996736314,0.9852952
FXYD5,0.8221081810851143,0.5972411974647316,1.2595612009366353,0.9282445
FXYD6,0.6434121096762545,0.27714602313093795,0.5077028489775128,0.57141805
G0S2,0.5514291516118842,0.08489566754537568,0.5695305789510409,0.5389776
GALE,0.8432845686006982,0.6366079927807529,0.5312950842910342,0.53618616
GALNT12,0.8069058141515829,0.5755994325915691,0.6080070634682974,0.59260684
GALNT3,0.8623722667378333,0.6693105526514008,0.7289311918947432,0.6402696
GALNT4,0.8370127670182848,0.619540219963657,0.4817765802145004,0.5300243
GALNT5,0.8333839815278163,0.6004230418717963,0.7839976747830709,0.63020074
GCHFR,0.8166471400699473,0.5768933383318653,0.5693171686596341,0.5602453
GCNT3,0.7949649758032541,0.5091849912233094,0.6880023512575362,0.5814299
GDA,0.7907749131153703,0.49507739687669644,1.0433170480860605,0.67444545
GDF15,0.8245066127962178,0.5987691136274143,1.3520768119229212,0.84618115
GEM,0.5856030786925719,0.1768280570186469,0.6812392605675591,0.6778548
GFPT1,0.853147767840576,0.6510188647879254,0.8903011944558885,0.75311255
GGH,0.8318863539516208,0.6224000641744231,0.8055771821075015,0.68440604
GGT6,0.7840946791193245,0.4632347032220914,0.5059830041395293,0.48938608
GINS1,0.824656911764055,0.5317589196654439,0.2989530712366104,0.36448637
GIPC2,0.8330515341915202,0.5946369835842975,0.33785616523689693,0.41488853
GLUL,0.7716323625067063,0.5170568231753216,1.3512932989332411,0.95321494
GMDS,0.8760899091093224,0.6935338414153596,0.8848484489652846,0.7426946
GNPNAT1,0.8240959370877474,0.5760796659562043,0.5766415943702062,0.5403359
GOLM1,0.8631571432891519,0.6671012441081126,1.123395972781711,0.8378298
GPA33,0.8085568049768448,0.5219787904240257,0.42968033585283494,0.46662012
GPNMB,0.6409950323885475,0.26212806996541493,1.0261378520064883,0.796783
GPR160,0.8319857749269575,0.5927710762550961,0.7013143416908052,0.58287317
GPR35,0.8528132880527267,0.6464586364066679,0.5412166913350424,0.5526512
GPRC5A,0.852443911129406,0.6510981923364112,1.2808884878953297,0.8904813
GPRC5C,0.8199448600475736,0.564819822594258,0.39582525690396625,0.45798063
GPSM2,0.7930668329675011,0.5459680724468883,0.5803955826494429,0.5832656
GPX2,0.8679871711416889,0.6762079014008479,1.636821495162116,0.99852633
GREM1,0.6006832390565441,0.20859563811265852,1.2784724964035883,0.91758716
GRHL2,0.8604258053801327,0.6480173870773142,0.364999834034178,0.44900024
GSDMB,0.8410797450414457,0.6219638563521384,0.6888758805063036,0.6224366
GSKIP,0.8268398015872568,0.610548225790574,0.6167334053251479,0.5785117
GSN,0.6855616574248711,0.3624450502463865,0.9297694232728746,0.78046197
GUCY1A1,0.6297759081480618,0.23596810857109862,0.5659980260663562,0.5854347
H2AFZ,0.8104985799196297,0.5687509282143761,0.854846328496933,0.6759578
HACD3,0.8354750585581778,0.6160776528819965,0.639614419804679,0.620845
HBA2,0.4632619690138632,-0.05152746125687985,0.4034437934557597,0.37960905
HBB,0.5493542827891841,0.05016646809050172,0.08834718995624119,0.10692383
HDHD3,0.8129122836334233,0.5842709986350065,0.4629722949531343,0.5232761
HELLS,0.8277839778461897,0.5958223756809745,0.7031276557180617,0.6238628
HEPACAM2,0.7189332981168386,0.29113095337232797,0.23324504825803968,0.2844533
HES1,0.8404662925594648,0.6463552602308625,0.6923254032929739,0.66396344
HES6,0.8051724061215508,0.5460222599429277,0.4614228374428219,0.49851736
HIST1H1B,0.8352603722782397,0.6481726585992514,1.2922439442740545,0.8850155
HIST1H1D,0.8118951912495336,0.5863237556766533,0.8996255464024014,0.72678626
HIST1H2BH,0.7494730969093866,0.40353042920322907,0.46393850445747375,0.43653193
HJURP,0.8120107272253,0.5204830123169949,0.4505346053176456,0.4280527
HK2,0.8260285078958554,0.6013145570738954,0.7218662218915092,0.6347764
HKDC1,0.8243632315866225,0.5536417673132187,0.5602758799990019,0.49858645
HMGA1,0.8470628345961871,0.6377275228187226,0.531076956126425,0.5331034
HMGCR,0.811879674297569,0.561064400774506,0.5076451814836926,0.5269195
HMGCS1,0.8000866504865639,0.5403967337463913,0.5459528101815118,0.53442687
HMGCS2,0.743246800905062,0.3890924326493103,1.0089825590451558,0.7289111
HMMR,0.804905980975057,0.5157595869808147,0.3749908142619663,0.4143862
HNF1A,0.8456046683964344,0.5923847844932083,0.32359007000923157,0.41575438
HNF4A,0.870560428659501,0.6771244429398914,0.5332741604910957,0.56022125
HOOK1,0.8612495021684171,0.6475527977928529,0.4211496048503452,0.46956837
HOXB6,0.8476222129959549,0.6387730971208538,0.7551646596855588,0.6649379
HOXB9,0.827333639110805,0.5658459751050283,0.6538629730542501,0.58995414
HPGD,0.713459834175556,0.3591633884898982,0.3145632396141688,0.4010318
HSD11B2,0.813909304397653,0.5602713198011819,0.5624596873919169,0.53117853
HSP90AA1,0.8576806898795708,0.6831974423436518,1.0930662817425199,0.8399595
HSP90AB1,0.8663098365764162,0.6709569591268725,1.1464599172274272,0.85533047
HSPA1B,0.8341909595085478,0.6056593982179027,0.9053615795241462,0.74140096
HSPA8,0.8452573797600895,0.6580577826446716,1.6921431488460965,1.0571247
HSPB1,0.7268303478170783,0.4505074258788197,1.0331619050767686,0.8327397
HSPB6,0.7147114732922932,0.39620590533860217,0.4798021896017922,0.47297806
HSPB7,0.657599499594538,0.25671044196814047,0.32783538268672097,0.36643854
HSPB8,0.6715377911004955,0.3242461709973998,0.37555575039651656,0.43859112
HSPD1,0.8587119580859063,0.6654296063430502,1.0845294064945645,0.8203691
HSPE1,0.8486562487298298,0.6527063449583265,0.7815969354576535,0.70676214
HTRA1,0.6025406564835236,0.20459687744000699,1.1270655128690932,0.8533313
ICA1,0.8539601581004078,0.6579232631107337,0.46634960340129006,0.5216943
ICAM1,0.6721400721798239,0.32150939549388224,1.0898755275540881,0.77250993
ID1,0.7447805545714448,0.4536860035064209,1.0300917857223086,0.7676699
ID3,0.6151220243960451,0.23630956731822542,0.9798561334609985,0.80546635
IDH1,0.8327306616775725,0.60486314083514,0.5825403597619798,0.5817008
IER3,0.7922790337408281,0.5500147696499582,0.9730363256401486,0.7718269
IFI27,0.8442121689895101,0.6474023801359512,1.502851174937354,1.0089961
IFI30,0.7286926963837114,0.4511099448720922,1.9037368430031671,1.099765
IFI6,0.7481587175669656,0.471202937515556,1.8315056827333238,1.0874635
IFIT3,0.7257285709475991,0.40990433698207757,1.3992548402812746,0.8252132
IFITM3,0.7745672683080007,0.5292741400673983,1.5648691654205322,1.026802
IGF2BP2,0.8304428419634416,0.6098491714010128,0.48239869044886696,0.5195376
IGFBP2,0.7374158689823376,0.4368108598467646,1.493628614478641,0.94903743
IGFBP3,0.6816562583017154,0.3567314354144704,1.383556279871199,0.9481113
IGFBP4,0.6237018975258227,0.2668638554439158,0.979877339469062,0.80912906
IGFBP5,0.6117061745887578,0.22290521273988326,1.3781870007514954,0.9363219
IGFBP7,0.6035217172865992,0.2215626924200299,1.7990258534749348,1.1027617
IGHA1,0.6133968789600569,0.2195891110333909,2.02308722337087,1.136401
IGHG1,0.5770860150875914,0.1610550015903215,4.517354104253981,1.7385052
IGHG3,0.563971996019335,0.10834941386205325,1.1466650797261133,0.71315795
IGHM,0.6412766425286995,0.24739951419439551,1.3174270292123158,0.81548345
IGKC,0.616529386415435,0.2529806599942586,4.968209054734972,1.8261255
IGLC1,0.5967146231966445,0.14293178807520623,1.0451979206668005,0.6690684
IL1R1,0.5899153355855584,0.17819735733684114,0.5482818848556943,0.61279285
IL2RG,0.7352137735628355,0.44119923484647194,0.7385925534698699,0.6734693
IL32,0.8157794200796494,0.6058872825412104,1.586714506149292,1.0250932
IL7R,0.6327326832932355,0.228013026446081,0.3982417947716183,0.47444618
INAVA,0.8625074567025369,0.6689009317875306,0.5913577874501547,0.5884546
INHBA,0.6389135653296065,0.25835894799708453,1.2963155971633062,0.9054305
IRF6,0.8313251834449904,0.5744615728205731,0.32397547529803383,0.40208423
IRF8,0.7940034405146338,0.5550128090052782,0.7917827102873061,0.7038222
ISG15,0.7584544746542432,0.4831895488682078,1.7107224133279588,1.0204909
ISG20,0.722299927056454,0.4207386968256971,0.8222762478722466,0.69572634
ISLR,0.5943037681261186,0.18168958561789256,0.8053238060739305,0.7259945
ITGA11,0.6105401127463821,0.1820160519338957,0.5409782727559408,0.53891057
ITGA2,0.831831997262834,0.6099253420277821,0.5952036264869902,0.5942367
ITGA3,0.7955268716117754,0.5669035043077632,0.5249338878525628,0.55731034
ITGA5,0.6043967078462886,0.21030351534938355,0.9119984242651198,0.7708731
ITGA6,0.8715717653328245,0.6861893753927997,0.7522578835487366,0.69320136
ITGAX,0.6589542480995341,0.2811707000444351,0.5509002324607637,0.57564723
ITGB4,0.8562041904677273,0.6534103511890864,0.76459601521492,0.6867473
ITGB6,0.8141526429500603,0.5399261912572793,0.33602602779865265,0.40528432
ITGB8,0.7538313332073248,0.4643104094869399,0.4593835771083832,0.5175115
ITGBL1,0.5657858657824865,0.12398610332507672,0.45015044344796074,0.45910788
ITM2C,0.8324562774569793,0.602653421996532,1.216384596294827,0.89067787
ITPR3,0.8598275714177513,0.6676265614528584,0.5880238910516103,0.609153
ITPRID2,0.8483726800782379,0.641550511058543,0.7511741320292155,0.68658495
JCHAIN,0.6336221164578131,0.2649321597067402,1.6032322645187378,0.9980387
JPT1,0.8121501356567022,0.5797214223572115,0.49449069963561165,0.5250278
JPT2,0.8389152476808379,0.6340842091188561,0.5906393064392937,0.59992415
JUN,0.7486639823497081,0.47525410774448595,0.7537597881423103,0.69994265
JUNB,0.7381864447290901,0.4593047350527652,1.3890100452635024,0.9822963
JUP,0.8771464038164197,0.6981207992208,0.8555025094085269,0.7417652
KANK2,0.6130425685122991,0.21854865091084144,0.5002599938048257,0.5796317
KCNE3,0.8040123183256281,0.5538958653058383,0.4423140237728755,0.5116177
KCNK1,0.8159961850374093,0.5578507267832583,0.5529078907436795,0.51403916
KCNMA1,0.6006543268923319,0.2035821891268536,0.5538956357373132,0.58414674
KCNMB1,0.6644652075696257,0.2766989898018173,0.3146965801715851,0.3798849
KCNN4,0.824531820408673,0.5749766717287311,0.6624477886491351,0.5654572
KCTD12,0.5509628337434208,0.11844388846834847,0.9060432447327508,0.76833844
KIAA1324,0.7729681771671448,0.4266472081668531,0.43897612227333915,0.4261452
KIAA1522,0.852856125680248,0.6515005908876006,0.542898933092753,0.5815773
KIF12,0.8048035694634318,0.48626100834182523,0.3737380305926005,0.40243083
KIFC1,0.8064142937941594,0.5093387174723739,0.3088004001312786,0.37401152
KLF2,0.6044219458802852,0.2108966919502462,0.6323193742169274,0.65079457
KLF4,0.7165060415432839,0.39842208490038417,0.6839059044917425,0.6524899
KLF5,0.88906677830371,0.7209007263469028,1.0382036699189081,0.8100223
KLF6,0.7552001394543161,0.4952466128989516,0.961940586566925,0.8041711
KLK1,0.8158013373143702,0.5512493367134759,0.797586182753245,0.6311271
KLK10,0.7353843754494128,0.37027006091736614,0.6445734134564797,0.44299427
KRT19,0.8672149964883995,0.6859144884456637,1.1178583833906386,0.8339139
KRT20,0.704518437556961,0.3727933390050953,1.7028850648138258,0.99463105
KRT8,0.8799721278748128,0.7126777603261668,2.0575657023323908,1.1492314
KRT80,0.793026690484549,0.485871986774114,0.4501786513461007,0.4468057
KRTCAP3,0.8619337938175323,0.6489161572663567,0.5068029231495328,0.5234868
LACTB2,0.8184660480452037,0.595245366486998,0.5392393602265252,0.5485032
LAD1,0.8820514749882534,0.712725914110791,0.6224498781892989,0.6088631
LAMA3,0.7835853166665712,0.5194742954066484,0.5938558098342683,0.55355537
LAMB3,0.8271790435058022,0.6016263486949742,0.574801054265764,0.5575063
LAMC2,0.8104703646426016,0.5547297030722759,0.6493381841315163,0.58097625
LAPTM5,0.6426816297546151,0.2722682987388938,1.7605135209030576,1.0589643
LBH,0.6527095119628991,0.28308188215148644,0.6394220425022973,0.6424762
LCN2,0.8353582472961318,0.6146878968689109,3.0998591250843472,1.2945712
LCP1,0.6630234306491566,0.3028476696154472,1.2276793254746332,0.86386514
LDHB,0.8100657118533774,0.5802627619497358,1.1179813610182867,0.8296548
LDLR,0.805492453750714,0.5647864371014001,0.7737252877818214,0.6969138
LGALS1,0.6427100770157915,0.291289524737955,1.5605088008774652,1.0265133
LGALS3,0.8625008593096747,0.6815856594557712,1.2523805300394695,0.9049628
LGALS3BP,0.8672596195936207,0.683589140124043,1.1232971482806735,0.8672111
LGALS4,0.885672423464635,0.7123854044462004,1.2601863808102078,0.8863669
LIMS2,0.6774572355133599,0.3362598885941934,0.5071551667319404,0.580936
LIPH,0.8257862600549379,0.5917167169349499,0.7119769040081236,0.5916072
LLGL2,0.8718145343488748,0.6929521445030452,0.5539758917358186,0.5797792
LMNA,0.7918709531599856,0.572638854491194,0.9906036257743835,0.81186503
LMNB1,0.8502326337404799,0.6366414720046005,0.6949449314011468,0.62217766
LMNB2,0.8353885103454269,0.612022521463699,0.7406091623836093,0.66599584
LMO7,0.8199732570147336,0.610957495492089,0.7595984405941434,0.6647621
LMOD1,0.6902835554722719,0.36456183729443087,0.6123463246557448,0.5932563
LOX,0.6168423422656988,0.21532438813383725,0.673726984196239,0.6086299
LRATD1,0.8541854771934293,0.6451932010923054,0.6828192936049567,0.6398184
LRIG1,0.6557988257622855,0.3063643240213518,0.5686177346441481,0.61547077
LRP1,0.5969014606102513,0.19938828381026558,0.933839178747601,0.7880252
LSP1,0.6662918559550253,0.3153402859502288,0.7578076918919882,0.6930488
LSR,0.8644381373012595,0.6952719118019803,0.7221020923720466,0.6623579
LTB,0.6128257271552262,0.17823100025934926,0.24919035451279747,0.33592638
LTBP1,0.583324648352509,0.1609624219184922,0.628026596373982,0.6297506
LTBP2,0.5770003987635229,0.1531139672004704,0.7082372572686937,0.6534653
LUM,0.5881288393502608,0.181303691602924,1.9884431494606867,1.1628686
LY6E,0.7529814262232493,0.4869585123215024,1.5910650557941861,0.98716587
LYZ,0.7093495298371474,0.4128668831309563,2.304717560609182,1.2091987
MACC1,0.8458258206988608,0.6338453490452768,0.7933206624454923,0.66558236
MACROD1,0.8176026219435166,0.6037185126182404,0.4447171787420909,0.5372124
MAF,0.635258102306063,0.26265454611966227,0.6500460604826609,0.6637285
MAL2,0.8670084698610103,0.683393642104264,0.9061159657107459,0.7200633
MALL,0.741582623979303,0.44740638295459473,0.6889286720090442,0.5620155
MAOA,0.6856361474519794,0.3413431185795075,0.3600575377543767,0.4613345
MAP3K20,0.7068641912120164,0.40294208665350767,0.8003591530852847,0.7180962
MAP7,0.861872459060861,0.6652984036496051,0.42773012154632145,0.49599764
MAPK13,0.8658500307105008,0.6767730888399118,0.5218049685160319,0.57058144
MARCKSL1,0.8623642001507613,0.6943970544240163,0.862342357635498,0.7497363
MARVELD2,0.8389370217456995,0.5830165953835413,0.32201895117759705,0.39192456
MARVELD3,0.826446132133817,0.5710872420027807,0.31715311937861973,0.41306674
MCAM,0.5817390726642755,0.15934260632957714,0.7133451468414731,0.6686814
MCM2,0.8273992383834388,0.578387587805748,0.5857668974333339,0.53219885
MCM4,0.8339031616834495,0.6146151085585829,0.7362331979804568,0.62277955
MCM7,0.8377271100735025,0.6437006125724589,0.8927193217807345,0.7293088
MDK,0.7732160651532716,0.5180933881545813,0.9605901175075107,0.79095775
ME1,0.7934272233863779,0.5244101924368949,0.5389660828643374,0.5542656
MECOM,0.7872049303430355,0.5365861594121832,0.4455302076207267,0.51781327
MEIS1,0.6272386169305418,0.23756471799523554,0.4327441056569417,0.51830906
MELTF,0.7858870854276063,0.5076019948223416,0.4199566998415523,0.453425
MET,0.8187560756495036,0.6108511356655023,0.656595711906751,0.5980783
METTL7A,0.5219847193782926,0.04038027669278092,0.538432776927948,0.59979796
MFAP2,0.5853990656392841,0.14927838441191804,0.639394708805614,0.6241745
MFAP4,0.6679932772738426,0.31244469141297226,0.5492290688885583,0.5800528
MFAP5,0.5631033784218528,0.11344441448424947,0.33642898582749897,0.3863597
MFGE8,0.620829587094763,0.23727512398988715,0.7617214057180617,0.7109057
MGAT4B,0.8588964494933684,0.668792273375899,0.7659093108442094,0.6998442
MGAT5,0.8183154979041344,0.6024891241719508,0.8170345160696242,0.7136085
MGP,0.7256766672459524,0.42681163998461186,1.3080857661035326,0.9303092
MGST1,0.8160363823773804,0.5894948453958982,0.5834918121496836,0.59009844
MIF,0.8154357202924166,0.6162377932570071,1.4487902522087097,0.9740038
MISP,0.8777720360008006,0.6900872576886906,0.7263481385178037,0.659029
MKI67,0.84075593175641,0.6204065153951519,0.8584316074848175,0.6680435
MLEC,0.8579180964560793,0.672617176703768,0.8726939989460839,0.7540923
MLPH,0.8546355922191345,0.6471250977282255,1.1438310543696086,0.8002418
MLXIPL,0.7974146509125586,0.4883020993027981,0.27772417498959434,0.36786324
MMP1,0.63612272803537,0.21653477527247217,0.9473792066176733,0.5368869
MMP11,0.670720320537011,0.30877137196768567,1.2316437065601349,0.8344519
MMP12,0.7185047390923186,0.3613695727516252,1.1524248570203781,0.7328547
MMP15,0.8210919522170816,0.5689159689239244,0.36262623303466374,0.44558293
MMP2,0.5990090155518233,0.19626963525372843,1.5701505872938368,1.0144053
MMP3,0.5525866467432098,0.07050370128025674,0.2399036298609442,0.25273576
MMP7,0.7088205963691835,0.36236325972927325,0.7385448606477844,0.53101134
MMP9,0.6346857191213583,0.20505795989517905,0.45664171129465103,0.43174013
MMRN1,0.5619956457892354,0.08739668023943412,0.14595738550027212,0.2172882
MPST,0.8455882659232308,0.6484107085344076,0.5168934133317735,0.5781656
MRC2,0.6232699992844941,0.24027089672556784,0.7011458708180321,0.68935674
MRVI1,0.6210279188648952,0.222115941355508,0.4456596010261112,0.5295052
MS4A7,0.6152797133214443,0.2140960217425017,0.641172832912869,0.63962066
MSLN,0.728359597424276,0.35802535642027844,1.2772936754756503,0.71800554
MSN,0.6724335817344537,0.33261637162343055,0.9530966811709933,0.80041116
MSRB3,0.6571967182204659,0.29098254654727956,0.5069424857695898,0.5513834
MST1R,0.831877807639507,0.5849965312063932,0.36290912495719063,0.4314424
MT-ATP6,0.8709791219579429,0.7201483234366567,1.6431664824485779,1.0276483
MT-CO2,0.8755053578814992,0.7226467769319453,2.0779825713899402,1.1522408
MT-CO3,0.8664227963804874,0.7100183275461731,1.6114683151245117,1.0129249
MT-CYB,0.8721535199237341,0.7228090560151392,1.312630640135871,0.90826297
MT-ND1,0.8815541550344856,0.7317383269364252,0.949560821056366,0.763649
MT-ND2,0.8732528934203473,0.7212951879665513,1.3742088543044195,0.9337987
MT-ND3,0.8778193790776991,0.7240805918973888,1.069997443093194,0.82209957
MT-ND4,0.8739371397640427,0.7230166430772811,1.5354073842366536,0.9920465
MT-ND4L,0.876515439178591,0.7264435975659671,1.345538682407803,0.91053176
MT-ND5,0.8770275951094324,0.7245266295653807,0.8931605749660068,0.7541163
MT-ND6,0.87800062061285,0.7223010334309552,0.6429429981443617,0.6277212
MT1E,0.6785933282171217,0.3380950444463277,0.9235623826583227,0.70003116
MT1G,0.7383995793600502,0.3705300719685396,0.6337888803746965,0.46127087
MT1X,0.6674284874520464,0.3163024400596537,0.8045797248681387,0.69642574
MT2A,0.618692644473278,0.23252571894912505,1.5878947509659662,1.0039556
MTHFD1,0.8292492671631975,0.6041408399524193,0.6340038643942939,0.61839974
MTHFD2,0.8270425755544887,0.6204539524973035,0.9348444839318594,0.7540723
MUC1,0.7961749160370307,0.5624613287355653,1.0686580704318152,0.77380383
MUC12,0.759170793356314,0.4695747798859963,1.329242103629642,0.8601713
MUC13,0.8719261448580373,0.6746835757070895,1.2538602650165558,0.84185743
MUC2,0.7333663656538397,0.4098004192455188,1.6360073023372226,0.9265672
MUC20,0.7826770629618073,0.5213041601303798,0.8483957217799293,0.6757097
MUC3A,0.7362314451374319,0.40875871456985796,0.8423760169082217,0.6007676
MUC5B,0.8204490343477641,0.5675218479662523,1.708794868654675,0.88674015
MX1,0.7587922166279057,0.4754034284273306,1.2568874855836232,0.85159534
MXD1,0.7592055118150501,0.47760818078094147,0.5989355014430152,0.59138745
MXRA5,0.6323513071230094,0.23155563005133997,0.6090349165929688,0.5730577
MXRA7,0.5812380627247671,0.1690558819645107,0.8094013532002767,0.7384625
MXRA8,0.6070815804186536,0.2095786255746801,0.8047242495748732,0.7279225
MYB,0.8539102320525047,0.6284366548314299,0.4569922155804104,0.4907136
MYBL2,0.8235631842767736,0.5546370465096591,0.4134436779552036,0.45560157
MYC,0.8425013681044082,0.635343904608066,0.9366470376650492,0.7811453
MYH11,0.6765633725177251,0.36096978013732905,1.2678367760446336,0.8785461
MYH14,0.8851433072370707,0.7072045733575639,0.6589577926529778,0.6399909
MYL6,0.7484715036385313,0.48490209216984376,0.902927491399977,0.7851859
MYL9,0.687369321114723,0.38003743020747444,1.503808081150055,1.001892
MYLK,0.662692406436504,0.3273650149032835,1.1675238774882422,0.87747014
MYO1A,0.7943484963184866,0.5029634424291028,0.5879116819964515,0.54598784
MYO5B,0.8678007666398505,0.6677108416984188,0.5450150238143073,0.540468
MYO6,0.8621770521289708,0.6669725484160907,0.5844895243644714,0.61308616
MYO7B,0.8482745165860192,0.6378090378618566,0.48315104014343685,0.5265801
MZB1,0.6384075434716991,0.21600407376302566,0.3967428795165486,0.3906487
NANS,0.8387806253768716,0.6189084882365499,0.7066349817646874,0.6476906
NBL1,0.7450454247234055,0.46923825553923393,0.9707848827044169,0.79852
NCOA7,0.8214274897468923,0.6039572430150927,0.8649210068914626,0.7448276
NDFIP2,0.8350595278183219,0.6319076121796751,0.6029139459133148,0.6014151
NEBL,0.8351299528872449,0.5753942725537353,0.4940911688738399,0.48872364
NET1,0.8383717676338003,0.6337388270206336,0.6253034571806589,0.64386576
NFE2L3,0.83135498123043,0.5692072133628927,0.5245689849058787,0.5143549
NID1,0.560576747529631,0.11904590612392821,0.5557989014519585,0.6063181
NKD1,0.6251414584914099,0.23933961388555172,1.3501446859704123,0.77589554
NME1,0.8278249906049803,0.6138188870612584,0.7316578427950541,0.68073505
NNMT,0.5914594294639007,0.18797759737935754,0.9044332702954611,0.7781665
NOP16,0.8444544465833125,0.6462642956792637,0.5672885311974419,0.5984673
NOP58,0.8290004231629363,0.6218197776315005,0.7197486162185669,0.6672354
NOTCH3,0.6212326334711731,0.23781168461977206,0.8562186658382416,0.7496463
NOX1,0.8017121266744629,0.4853665202034916,0.814441055059433,0.65262216
NPAS2,0.8359397345471348,0.6344812679865728,0.6359230180581411,0.64043355
NPNT,0.8038197145418247,0.5509817752831062,0.46679727567566764,0.50678545
NQO1,0.8170719559901334,0.5932702008664208,1.2722861965497334,0.8179547
NR4A1,0.5700854215352158,0.14749649806893028,1.325016074710422,0.957875
NRARP,0.8390329274366004,0.612819059770235,0.5577940113014646,0.588095
NRP2,0.6165497167717036,0.22307233495888687,0.5738543189234204,0.61428916
NT5DC3,0.7242432919600108,0.42195971963326956,0.6741818553871579,0.62781966
NUPR1,0.6695453744924009,0.33333785979543107,0.8598520292176141,0.7554471
NUSAP1,0.8118614041440604,0.5448816101414302,0.5678228189547857,0.5311125
OAS1,0.8265619835446179,0.6108916873651536,0.8924939135710398,0.731854
OAS2,0.7451256325428471,0.4560103409669206,1.4063313123252656,0.8664166
OAS3,0.7910475009426025,0.5376413058592766,1.0503161052862804,0.7636693
OCIAD2,0.8478377168563269,0.6599537878005066,0.8135051859749688,0.70527464
OCLN,0.8549831850740452,0.6400071543166279,0.5046495182646645,0.52073616
OLFM4,0.6990892365874358,0.37820819567118846,2.208599454826779,1.096984
PADI2,0.740075828176018,0.41751127395141674,0.5769249929322137,0.5612634
PALLD,0.6105269134644756,0.23186828500999412,0.8723988069428338,0.77183527
PARM1,0.8188487641716871,0.5836994497346542,0.753679676188363,0.68699
PATJ,0.867242239373327,0.6889642613448516,0.5268632305992974,0.5813712
PCBD1,0.8397823418097692,0.6417175071768468,0.825296637084749,0.7241353
PCK1,0.676295450364736,0.2610619775648475,0.34226451855566764,0.35748127
PCOLCE,0.5910845657993216,0.17389224963349598,0.6402018318573633,0.6440661
PCSK6,0.7691825941207836,0.4810044691727511,0.45957614812586045,0.50307965
PCSK9,0.8176577248085294,0.5004545582687858,0.3682008377379841,0.38875076
PDGFRB,0.6062606433567098,0.21062169310818946,0.7570448319117228,0.7112625
PDK4,0.5651663388035035,0.12475463862689698,0.588366773393419,0.62124336
PDLIM3,0.6557969448077303,0.29879514628689885,0.48807019160853493,0.54617906
PDLIM7,0.6139332602371049,0.23633491257995706,0.6332042449050479,0.6599884
PDZD8,0.8555361020624779,0.6474240890029859,0.777492470211453,0.6985768
PDZK1IP1,0.8386776027453801,0.6034421356808811,0.6243204159869088,0.5744929
PECAM1,0.6080635389872429,0.21671717108711236,0.9116744928889804,0.77223325
PERP,0.851281211189863,0.6724740320125367,1.1351997587415907,0.8405652
PHGDH,0.7610690000701242,0.4829091367089545,0.6209413773483701,0.5976661
PHGR1,0.811282582969242,0.5634171306655426,1.8186011380619473,1.0377325
PHLDA1,0.7867478504009207,0.5349116173793756,1.3250145581033494,0.90774703
PHLDA2,0.8183156951582746,0.5898673723054627,0.6897764884763293,0.61780524
PI3,0.7266924847007458,0.3543290926435038,0.6044737390345998,0.47004795
PIGR,0.7687902182255643,0.5130473760898637,3.277059475580851,1.4265866
PIM2,0.687429334900025,0.33581875870328554,0.5460786554548476,0.5638514
PKP2,0.858996065869406,0.6359047012701559,0.41326015028688645,0.47958216
PKP3,0.8707831008622553,0.6754965918198993,0.6097022013531791,0.590854
PLA2G2A,0.5934391519703395,0.18461062765300573,2.9619417985280356,1.3640275
PLAC8,0.7883965717459912,0.4901870508854447,0.6000971777571572,0.5345844
PLAU,0.6708935626155542,0.3183655066661426,0.7079083720842997,0.6493913
PLAUR,0.7597054683064663,0.47972911560733206,0.9483739303217994,0.78545773
PLCB4,0.8079732399094204,0.5902431861752159,1.322988599538803,0.85011643
PLEK2,0.8512688545122759,0.602831404225269,0.494412781463729,0.48725712
PLEKHA6,0.8478095034414361,0.6552174878436617,0.37720178564389545,0.4861608
PLEKHG6,0.8301665366878291,0.5973296639499409,0.4422074904044469,0.4994005
PLEKHO1,0.6025177111992689,0.2040289324333743,0.7524597975942824,0.7003558
PLK1,0.8224435470754344,0.5587998189100843,0.4870625336964925,0.4801248
PLN,0.6808922378510949,0.31774122904383145,0.47233275406890446,0.5002124
PLPP2,0.8565428919021744,0.6500498423744561,0.5332601716121038,0.54833484
PLS1,0.8663102176080789,0.6712719990608574,0.7588422745466232,0.6482665
PLTP,0.5133069075922494,0.031829573024984126,0.816380050447252,0.73522
PM20D2,0.7481651306613499,0.4585407160766729,0.4907625714937846,0.5367343
PMAIP1,0.8046414116036146,0.5346049205973937,0.5309585250086255,0.51128185
POF1B,0.8766472866953556,0.6967571052209642,0.8116605513625674,0.68319494
POLD2,0.8288965296450606,0.6014606798577441,0.5494393706321716,0.581174
POSTN,0.6611144354448553,0.3083754957590886,1.6593064069747925,1.0348601
POU2AF1,0.6216074740723186,0.1806124918908819,0.2177127848068873,0.29250973
PPARG,0.8192411828780997,0.5921666675493676,0.606781628396776,0.5999415
PPIF,0.8297025402540746,0.6197239274350966,0.6030269397629632,0.61114717
PPP1R12B,0.6419238531554362,0.297929641407939,0.741836193535063,0.69629115
PPP1R14A,0.6398551498564683,0.2591970560128322,0.3293955276409785,0.4164048
PPP1R1B,0.873347545539488,0.7003696564837399,0.7627514368957944,0.672586
PRC1,0.8204554054634973,0.5413592454592596,0.37931152681509656,0.42744386
PRDM1,0.6989762214039738,0.36335338500184344,0.6660334832138486,0.62122303
PRELID2,0.8316994396830868,0.6178670347792627,0.4179523090521495,0.50539577
PRELID3B,0.8505743894627227,0.6434536675230168,0.6298846436871423,0.6110463
PRELP,0.6801817348166135,0.3123315137302407,0.4979325383901596,0.5170601
PROX1,0.8023950723728666,0.5544366717178169,0.712272670533922,0.6364228
PRR15,0.7885351417246489,0.49484810109294614,0.3553297809428639,0.43608546
PRR15L,0.8828875829582508,0.6912580281178449,0.6109613941775428,0.5951593
PRSS22,0.8106833218843232,0.5242532897698202,0.36634953485594857,0.41854563
PRSS23,0.640829239019218,0.28298238919640695,1.0997860431671143,0.8591069
PRSS3,0.8628490660092956,0.664201369805854,0.7447622120380402,0.65730274
PRSS8,0.8089586832209973,0.5685929176956437,1.0799459715684254,0.7948479
PRUNE2,0.6766426608142194,0.3353271951965851,0.5565533141295115,0.59047574
PSAT1,0.7773765292292313,0.47694359469023223,0.9815798434946272,0.6718575
PTBP3,0.8578529687441773,0.6706786274685999,0.9232215417755975,0.76987475
PTGDS,0.5860842428436439,0.17653448690724632,0.7502787378099229,0.6301882
PTGES2,0.8558044415981637,0.6488986804077201,0.7262275053395165,0.6707828
PTGIS,0.6689302159307232,0.30876319703094546,0.43187642263041603,0.47459856
PTGS2,0.580511840117262,0.1600157247990126,0.9691464081406593,0.63995016
PTK7,0.711614114297909,0.39113726554709405,0.46557119488716125,0.5362529
PTP4A3,0.6124212075876778,0.21785160832554157,0.5516224073039161,0.6087663
PTPN3,0.8474011887014136,0.6274627951746359,0.586859835518731,0.5625407
PTPRF,0.8527512143638534,0.648254380664563,0.580369147989485,0.62170666
PTTG1,0.8111285428975846,0.521850822938376,0.4618252482679155,0.4482478
PYCR1,0.8329533539480818,0.6008153597943201,0.5363181100951301,0.55862916
PYGB,0.8455118472990754,0.6489031591422667,1.0897313091490004,0.8349883
RAB11FIP1,0.8596125922800929,0.658322888999809,0.5953127178880904,0.61432433
RAB25,0.8768388469067202,0.6975008170750983,0.6425485412279764,0.6056572
RAB3IP,0.8546212094524613,0.6520084605236789,0.5794785155190362,0.58573663
RAMP1,0.606029439225898,0.19306943928163878,0.7552635735935636,0.65183026
RAPGEFL1,0.8387546908145587,0.6089013386690186,0.36808038089010453,0.4578937
RASEF,0.8259287264153473,0.5707735137836751,0.346940987639957,0.4296871
RASSF7,0.8352708379689082,0.6158282169882058,0.3831920193301307,0.47324216
RBM47,0.8660332591149709,0.6724589436590193,0.6125004523330264,0.62487316
RBP4,0.6047016802044934,0.16890053998438903,0.3387358213464419,0.39598724
RBPMS,0.6361711890165789,0.2704986938232546,0.6635978387461768,0.675922
REG4,0.7866113667038747,0.4745094042741922,2.1813303000397153,0.96574944
RGS1,0.6582787697965897,0.2958410135162094,0.9324228465557098,0.7617026
RGS2,0.5955517277403527,0.18889838825233554,0.5805361436472999,0.6182841
RGS5,0.5955810939545514,0.1881397074569506,0.9115168849627177,0.76475006
RHOB,0.6621603610443371,0.3337869914722009,1.2130065361658733,0.8948235
RHOF,0.7872077231889844,0.5274146707148865,0.5724981294737922,0.57408243
RHPN2,0.8587162987435168,0.650290277641472,0.5160211192237006,0.5443447
RNASE1,0.6227411003565844,0.23997144857930877,1.4403967327541776,0.98053676
RNF128,0.8601567009484197,0.6461967189825235,0.6401037524143854,0.5796869
RNF43,0.8362871034121078,0.5995485671507448,0.796928346157074,0.6328426
RRM2,0.8135932525039046,0.5397283271570722,0.6150490707821317,0.5336627
RSL1D1,0.8154409571946617,0.5770051448834468,0.49408132168981767,0.53100824
RTKN,0.830386249605036,0.6307295209502305,0.5078751163350211,0.55787444
RUNX1,0.7346919507930264,0.45660724377137435,0.8192718989319272,0.7491438
S100A10,0.8553608392951825,0.6715418532274762,1.2961104578442044,0.9259577
S100A11,0.8091064659068901,0.5897936581882954,1.466347422864702,0.99630886
S100A14,0.869290005775039,0.6709682304705645,0.8723636633820004,0.7157422
S100A16,0.8333610039218075,0.6351171596746361,1.1552563110987346,0.84548706
S100A4,0.7236123021298246,0.4341031410683678,1.4188910590277777,0.92743206
S100A6,0.8455409890263197,0.6637390011047006,1.677844848897722,1.0414318
S100A9,0.6231472961722255,0.2294423348066198,1.0581749321685896,0.7629311
S100P,0.8311400248886236,0.6309850312824002,1.4236879911687639,0.9148906
SAMD5,0.8225758269746921,0.5605694946893967,0.43668828242354923,0.4900783
SAT1,0.7966955430941383,0.5837956934571484,1.1902306411001418,0.8850777
SATB2,0.8168925436905639,0.5726439847132458,0.6561823238929113,0.6069779
SCD,0.79317233920828,0.5653438987887167,0.9454793102211423,0.74873894
SCNN1A,0.860385138208704,0.6530015679547982,0.5851451191637251,0.5688116
SDC1,0.825935085985229,0.6116120806000286,0.6737143331103854,0.64393055
SDC4,0.8318403604629729,0.6060753582785217,0.7041686011685265,0.68432087
SDCBP2,0.7685122864706689,0.4811886629717919,0.6063418255911933,0.5568888
SEL1L3,0.8628313676954806,0.6805237337765155,0.8974238600995805,0.7715014
SELENBP1,0.766551891346172,0.47824298085004613,0.6801463100645277,0.6299876
SELENOM,0.6172258904389394,0.23957123613260917,0.7907513082027435,0.73258984
SELENOP,0.5273911155829349,0.05947983463274252,1.1713508235083685,0.8714093
SERINC2,0.8461888543948982,0.6356886243522526,0.6689236975378461,0.6039514
SERINC5,0.8268151974217522,0.6303293947485359,0.6081530385547214,0.616397
SERPINA1,0.8145643387269307,0.589559552514943,2.396308501561483,1.1042695
SERPINB1,0.8686756311413043,0.6935233536528999,1.0806304415067036,0.8210124
SERPINE1,0.6015654628351825,0.2005568369641338,1.0907598104741838,0.82857966
SERPINE2,0.5582266944095985,0.10714403014669277,0.6352997620900472,0.6500118
SERPINF1,0.5794769817397006,0.15360999465148004,0.8310482468869951,0.7447717
SERPING1,0.5968453245825474,0.19870652610993897,1.2461326387193468,0.9143226
SERPINH1,0.711842563774884,0.41883820014198614,0.9026886423428854,0.77492404
SFN,0.8541137557407604,0.6437059583701465,0.7797577281792959,0.6472899
SFRP2,0.58589776067266,0.17424827779416022,1.944298227628072,1.1173184
SFRP4,0.5876764368610166,0.16383956677337233,1.2551414337423112,0.8582231
SGK1,0.6477433787019461,0.27637206245620866,0.8016223708788554,0.7073635
SGPP2,0.8404517638233702,0.5903692856441898,0.5088006870614158,0.4889856
SH2D3A,0.8354325048743303,0.585034554314442,0.3041549068358209,0.41375524
SH3BGRL2,0.831049395483425,0.6353331310027468,0.5486217571629418,0.5712671
SH3BGRL3,0.8340425682170496,0.6327497366489194,1.2627532747056749,0.92043155
SH3RF2,0.8515069992941756,0.6424507680100907,0.36371126108699375,0.46040064
SH3YL1,0.8270486875701032,0.597756779018692,0.45949992040793103,0.49933296
SHMT2,0.8211427305731015,0.5609064933328562,0.5124303532971276,0.51410824
SHROOM3,0.8392255534809818,0.6317558260980406,0.5574208001295725,0.5755099
SIAE,0.8424532419447717,0.6283845829617234,0.49454793830712634,0.5563289
SLC12A2,0.85337586554025,0.670013198599472,1.4372023542722066,0.9513534
SLC16A1,0.8118799262545688,0.5790416179880177,0.7750051948759291,0.7028721
SLC16A3,0.7799532377116568,0.5288566012520435,0.7415644956959618,0.6953256
SLC1A5,0.8383794986907946,0.639823343060096,0.9262745247946845,0.76090646
SLC22A18,0.794480683016546,0.5338454733034269,0.5540475282404158,0.54064506
SLC26A3,0.6421361641153176,0.21784768763312193,1.286809715959761,0.76438427
SLC2A1,0.8036206188569841,0.5712455214436924,0.9449351297484504,0.72568935
SLC37A1,0.8260827234259163,0.6029266482171987,0.45280003547668457,0.5111235
SLC38A1,0.8401461591470443,0.6322613220243526,0.8828063342306349,0.751311
SLC40A1,0.8261297394685313,0.6034832104536663,0.8022608757019043,0.72252226
SLC44A1,0.8359164031112152,0.6290132100653301,0.8040799299875895,0.7267689
SLC44A3,0.8393822021531135,0.6189446027704193,0.39660954972108203,0.4667101
SLC44A4,0.8706571811592684,0.6851075787597344,0.6899989512231615,0.64279974
SLC5A1,0.8416296748137467,0.5886326161750384,0.6492292102840211,0.57038355
SLC6A8,0.7111124993135538,0.3813106224317752,0.7884743048085107,0.6473542
SLC7A11,0.8134665567290646,0.5035321392973758,0.5860603758030467,0.46793354
SLC7A5,0.8146590228299494,0.5898434654109447,0.7329243289099799,0.6730136
SLC9A3R1,0.84733991783881,0.6459562130140174,0.6410741110642751,0.6250951
SLIT3,0.6096436265389865,0.18655207593651923,0.2579668230480618,0.3517842
SLPI,0.833237251115798,0.6098438885456905,0.7549495564566718,0.6473981
SMAGP,0.8503522423064344,0.6560234883270406,0.5947897666030459,0.5843585
SMC4,0.8188893204596469,0.6084900585711869,0.7640751004219055,0.67996234
SMIM22,0.8444335354390424,0.6120099135459804,0.36582376394006944,0.43786454
SMOC2,0.5702850574867666,0.14414781026207316,0.9298872765567567,0.7305417
SMTN,0.6788810272162071,0.355511312961818,0.7186570962270101,0.6942972
SNTB1,0.8212687790073776,0.6004251494563916,0.6602966056929694,0.6247663
SOCS3,0.5668011762865501,0.1340742486806659,0.8240308198663924,0.7426543
SOD2,0.7187205375438256,0.43102376547966686,1.5437750220298767,1.0053668
SOD3,0.6346375740544941,0.2644158578645171,1.0621741579638586,0.7799814
SORBS1,0.6623143452578198,0.31783220286706904,0.6364883747365739,0.64670235
SORBS2,0.6599664772989975,0.2969117578907297,0.41901574863327873,0.5182009
SORD,0.830706078785826,0.5773094066784004,0.4503715220424864,0.4827111
SOX4,0.8036892724410253,0.5767234189876502,0.81758780280749,0.72730273
SOX9,0.8596741363928202,0.6667925019857925,0.6322503950860765,0.6009404
SPARC,0.6402923091954211,0.2807743381236984,2.2693449126349554,1.230472
SPARCL1,0.6482000651736839,0.28702398153118913,0.8502349091900719,0.7488857
SPC25,0.8124200173121391,0.5138371755120354,0.41254511806699967,0.4201031
SPEG,0.6766099673742929,0.29481876284735925,0.24440692282385296,0.32429457
SPI1,0.6501279409952875,0.2845797271212003,1.0917215711540647,0.82928187
SPINK1,0.8009653048817651,0.5275668317951898,0.9156502038240433,0.6948113
SPINT1,0.8690710661612406,0.6892256325716388,0.7346923351287842,0.6706407
SPINT2,0.8818752587128313,0.711186118494497,1.1603337592548795,0.8588103
SPIRE2,0.8309556604495014,0.594917527489279,0.32722581260734135,0.43875948
SPNS2,0.7560418112461522,0.4546089384090793,0.9837337368064456,0.68206185
SPON1,0.49163305821778747,-0.014189656536131646,0.9263850616084205,0.750076
SPON2,0.6364818892977211,0.26834950825256937,0.7979380455281999,0.72543323
SPP1,0.6741606462210467,0.327030589428688,2.6116691165500217,1.2384162
SQOR,0.8296761344430422,0.6108057006800744,0.8327306310335795,0.7225153
SRGN,0.6525092679349949,0.29232712052253906,1.3548563321431477,0.9440527
SRPK1,0.8734663650877414,0.6827676581454969,0.776869707637363,0.6959906
SRPX2,0.5989890876601948,0.18558087172203366,0.6462107764350044,0.6524781
ST14,0.8796965513757627,0.7148588435508345,0.9537965224848853,0.77911574
ST3GAL4,0.7631159133807776,0.49348808925076426,0.6752861572636498,0.63404775
ST6GAL1,0.8016189505245812,0.5797981692604187,0.7577359510792626,0.6994463
ST6GALNAC1,0.7987006470987476,0.47878413050005375,0.37570373217264813,0.40674955
STAB1,0.5587564345295981,0.11367842083958332,0.5889834877517488,0.61638206
STAP2,0.849412250697506,0.6361086470073393,0.5389509234163496,0.558514
STARD10,0.8821779424900833,0.6965596256217602,0.94273508588473,0.77496934
STK39,0.8605750457895147,0.6702881751416438,0.5935490959220462,0.6131431
STOM,0.6068967859922394,0.2107168577035553,1.0119220515092213,0.7834141
SULF1,0.6347932968819766,0.2673136563614932,1.6017134719424777,1.0298178
SULT2B1,0.7869861716236196,0.4192371994607995,0.2571455149186982,0.32413563
SYNGR2,0.8685606337339763,0.6869811959733044,1.0414891375435724,0.8291903
SYNM,0.6579152545575029,0.30533504835145986,0.6080182823869917,0.5458731
SYNPO2,0.6830813540260131,0.3605133317233628,0.7288028299808502,0.6554944
SYTL2,0.7600838293502903,0.4885257521832754,0.48798895213339066,0.56189805
TAGLN,0.689218287313087,0.3851030215739271,1.703404704729716,1.0717283
TC2N,0.8482528534323984,0.6357384219218818,0.7369238817029529,0.6487973
TCIM,0.6093301884330526,0.20774343397693898,0.8189297881391313,0.7186407
TDP2,0.8181555762233337,0.5908772505611274,0.6771398286024729,0.6427583
TENT5C,0.658687919451999,0.2674237946895175,0.37123223808076644,0.45752445
TESC,0.7871035961537474,0.5400210217710945,1.1107526454660628,0.7778534
TFCP2L1,0.7764948946462006,0.46030300261493934,0.4127160592211617,0.47280395
TFF1,0.7665699426499724,0.4589923091257627,1.7950530681345198,0.9157432
TFF3,0.828817603558257,0.6151604535049509,1.9766123228602939,1.0830673
TFRC,0.8539203671284574,0.6504496864262074,1.100606209701962,0.8496156
TGFB1I1,0.5758590286835498,0.15511023985604078,0.5772343609068129,0.61453396
TGFBI,0.7676504641134617,0.512471368366,1.8875718646579318,1.1079402
TGM2,0.6314670788474036,0.25036212510123074,1.2179557664526834,0.8226724
THBS1,0.6079639035681321,0.21996559291964737,1.1843836108843486,0.8818608
THBS2,0.6167489324872999,0.2297616240441502,1.7061297694842021,1.0620986
THBS4,0.6716695725683419,0.2741253451054101,0.3703764147228665,0.37756294
THY1,0.5912661132498721,0.1812985951719599,1.1687720616658528,0.88635373
TIMP1,0.7133771981707926,0.417735774387856,2.419087383482191,1.2950175
TIMP2,0.6450295263361852,0.29418061506371435,1.3165589902136061,0.9490671
TIMP3,0.6307327073951128,0.2623776203173752,1.563417500919766,1.0128893
TJP3,0.8215542689778857,0.5684093068366054,0.5197449922561646,0.5181572
TK1,0.8254581964716452,0.5606282504924724,0.5281763358248605,0.5024655
TM4SF1,0.7754913731997681,0.523273817208401,0.9074859321117401,0.7661089
TMC5,0.8470018262300246,0.625878056152302,0.5669160385926565,0.5348083
TMEM106C,0.8642102104685281,0.6653396020932735,1.0221841004159715,0.8046296
TMEM123,0.8292884866456492,0.5925282899419008,0.7432738608784146,0.68589807
TMEM141,0.8633811634041089,0.6713056178292889,0.7174831827481588,0.6660322
TMEM176A,0.6817486551992478,0.3474351388992461,1.6930508315563202,1.0453254
TMEM176B,0.6933816813478185,0.35666201830191907,1.9878998729917738,1.164906
TMEM184A,0.8214197514436301,0.545311885417051,0.2659461771448453,0.36170337
TMEM238,0.8598979746012861,0.6670364065199688,0.5504675375090705,0.5771935
TMEM45B,0.8559631502676491,0.6442550915898838,0.5795641276571486,0.55952364
TMEM54,0.8513127910013061,0.6454787621450832,0.6213130056858063,0.62661
TMEM97,0.8413580175184618,0.5958362089817582,0.4695092158185111,0.50305736
TMPRSS2,0.8651127066541164,0.6536636684900471,0.7133797109127045,0.63642
TMPRSS4,0.8707234216827417,0.6843105843843785,0.632794502708647,0.6097443
TMSB10,0.8581245698652111,0.6944609530768103,1.3349307510587904,0.93436974
TMSB4X,0.8524872870016239,0.6818869952399234,1.1402055621147156,0.843615
TNC,0.6220579855351439,0.2396446438391859,1.0887207388877869,0.82931
TNFRSF12A,0.7897934974061881,0.5551168862047335,0.6140867935286628,0.6328488
TNFRSF21,0.8351214936963722,0.6091262719508426,0.743762923611535,0.68113834
TNS1,0.6539859183019081,0.30770073679553656,0.6641040808624692,0.6616584
TNS4,0.8397254178110214,0.6007457689400783,1.2087333930863275,0.7862657
TNXB,0.6012888662278668,0.20060527727497762,0.45612584551175434,0.5233238
TOB1,0.8535331990556996,0.6535498216442681,0.7364545894993676,0.68936044
TOM1L1,0.841853686415257,0.6298651525733138,0.43759514225853813,0.50394225
TOMM34,0.8182133590078019,0.5860943428144553,0.5221875922547446,0.54568076
TOP2A,0.8347700789585781,0.6165576877368727,0.7433330747816298,0.64287853
TOX3,0.8292207204057259,0.5689616494442524,0.4147137784295612,0.44896787
TPD52,0.88699683689454,0.7135442733796189,0.8218590252929263,0.7205583
TPD52L1,0.8080196405378748,0.5678715178866197,0.5776863627963595,0.5621328
TPM1,0.7066252169924827,0.4148845446057538,1.1262121597925823,0.8609075
TPM2,0.6732057537205127,0.3647043049493131,1.1801645027266607,0.8855518
TPX2,0.8344660147933856,0.6057677485636881,0.5319516112407049,0.51802564
TRABD2A,0.8259127357198577,0.5610413897494726,0.3819340426060889,0.45285872
TRAC,0.6848329733236214,0.32828561280540813,0.7139847626288732,0.64130294
TRAF4,0.8634069676287106,0.6751525831503866,0.6011832157770792,0.6193951
TRAP1,0.8285875865103137,0.6198584775431798,0.5964121851656172,0.6045632
TRBC2,0.639061285403239,0.2413656338740061,0.8905390616920259,0.67958474
TRIM2,0.854937087878374,0.6653402826007959,0.5952364669905769,0.6072204
TRIM29,0.8204560969033509,0.5846245542721153,1.0559923218356237,0.7539358
TRIM31,0.7645853791077647,0.452618863551125,0.57088802754879,0.5376562
TRIP13,0.8178075266932399,0.5296383332049514,0.3527575035889943,0.39362642
TSC22D3,0.6726155877393405,0.34900578857074654,0.6639431516329447,0.65999323
TSPAN1,0.8393616096704487,0.6194102495055164,1.1241514186064403,0.7769438
TSPAN13,0.8646459012416703,0.668785556235568,0.9257919159200456,0.7431703
TSPAN3,0.8574991769656093,0.6620083813037301,1.011141214105818,0.81223905
TSPAN6,0.822026345696866,0.5952194016439232,0.6067157470517688,0.5864446
TSPAN8,0.8711982508325047,0.6970048181380706,1.9013182587093778,1.0870743
TST,0.8278401285153412,0.5934488434745424,0.5254411101341248,0.52790374
TSTA3,0.8507286858661747,0.640684298003487,0.7127813431951735,0.65113074
TTC39A,0.8223044922028997,0.5707776638806954,0.4862154440747367,0.49370638
TUBA1C,0.8370112645093781,0.6257486690890431,0.8069587349891663,0.6963452
TUBA4A,0.837750192606748,0.623176846595039,0.5761567817793952,0.5821794
TUBB4B,0.827855290549276,0.6146554076402047,0.7667855421702067,0.6771539
TXNDC17,0.8256302689132069,0.606366921458475,0.6100600858529409,0.59626365
TXNDC5,0.8170585478807235,0.6086668676682379,1.054246233569251,0.8332412
TXNIP,0.7250212417166101,0.4373950829820623,1.2341426213582356,0.884279
TYMP,0.6878609010947005,0.35598887735025664,1.1360073586304982,0.8439253
TYMS,0.8305430783393304,0.6030327464318973,0.714544716808531,0.6165359
UBD,0.7327318519726082,0.37996081876488397,1.7849190516604319,0.83558196
UBE2C,0.8175362685201925,0.5646856205450538,0.388362392783165,0.44665527
UBE2T,0.8125556302428265,0.5185910433707345,0.3794906884431839,0.3990654
UCHL3,0.8407897852492509,0.6156047039731587,0.6573691219091415,0.6195543
UGT8,0.8634532272089673,0.6443112893358389,0.5400730868180593,0.5207304
UHRF1,0.8138904482438879,0.5337099218108401,0.5406535747978423,0.51292855
UQCRH,0.8311856633851618,0.5933461233842058,0.782892131143146,0.66617316
USH1C,0.8777084566704301,0.6937135969962365,0.5478353533479903,0.5634019
VAMP8,0.8276144247632028,0.6164357160035068,1.0316648417048984,0.81222963
VCAM1,0.5883248088081476,0.16270100811650198,0.42012788603703183,0.45626014
VCAN,0.6166069389152656,0.2337070650268131,1.5325658387607999,1.0134076
VCL,0.7223226147390052,0.43098042178092905,0.7747659848795997,0.7244899
VDAC1,0.8463382953644845,0.6279847743850641,0.8084219859706031,0.70287836
VDR,0.8270644396876369,0.6090898720160989,0.4149908671776454,0.50813884
VEGFA,0.8219538849356165,0.6195481029697206,1.0264119704564412,0.81284225
VIL1,0.8615571065702584,0.6727851558438904,0.8612517681386735,0.726123
VIM,0.6551148667531328,0.31931182162736094,1.6461456020673115,1.0545049
VSNL1,0.8412482940463879,0.5700851058524814,0.6243584785196516,0.5169905
VWA2,0.7879078303043137,0.44628085035296944,0.4394007871548335,0.45199007
VWF,0.5270140139023299,0.049186998322195204,0.6174245228370031,0.6095276
WARS,0.7650965457006234,0.5203572034256464,1.91106801893976,1.0169765
WFDC2,0.6426145334634428,0.2367726551487934,0.9255243076218499,0.71654785
WNK2,0.8051147060537515,0.5676480230923302,0.379058172305425,0.49353662
XBP1,0.8295591342204425,0.6109406480304914,0.9699527422587076,0.78517145
ZBTB16,0.6658679181879807,0.3113561488498739,0.3448035965363185,0.46455038
ZFP36,0.633470209073342,0.26187871137033736,1.016473564836714,0.8239736
ZFP36L1,0.712361132159995,0.42434973334436543,0.8920796182420518,0.7765362
ZG16,0.5994778533690426,0.14974815797770666,0.8370883009499974,0.46550682
ZG16B,0.8214851640287956,0.5464610455451848,0.6959486636850569,0.5505541
ZWINT,0.8276167358602282,0.5741953751620763,0.5224705934524536,0.49934614
